vect_30,vect_1,vect_25,vect_2,duration,vect_5,vect_6,vect_10,vect_27,vect_123,vect_19,vect_61,vect_29,vect_16,vect_24
3.230174,49.70749896,0.150451,38.76496266,300.82567,13.28048444,-15.04915871,-2.52360166,0.26942,0.257029,433.9052526,0.894134,-41.253402,459.5133679,217.2648528
2.410655,46.82972932,0.122881,34.48695144,259.60444,-29.27340737,-13.26220234,9.243002698,0.22158,0.19685,330.3867132,0.836658,-41.963649,677.8927453,131.2745632
9.91421,36.93094066,0.05365,-155.1459538,128.36526,-66.7228044,9.264114286,11.42631209,0.078577,0.430208,673.5062452,1.360843,-50.525727,1875.255017,359.8315772
4.697605,39.04478472,0.050108,-9.4763625,180.37506,-31.09791667,10.33284583,-1.150468056,0.176889,0.555897,417.1821993,1.214366,-48.444389,1490.367717,166.7746019
4.577827,41.51294725,0.066743,37.98215441,483.26485,5.278338082,-3.780790913,16.17592761,0.297049,0.774699,597.5264825,2.152184,-52.328896,2653.264651,288.2972995
8.105973,33.68874829,0.031009,-70.89128317,294.94812,-0.183153215,-14.56680438,7.781667579,0.100544,0.649137,1482.771608,1.159328,-58.990727,2320.480942,495.7788055
1.978511,55.36475114,0.148863,71.92768892,196.41424,-18.05184219,-31.1747997,9.074752656,0.281272,0.159392,171.8879448,0.618434,-37.870088,428.2665554,86.41041981
3.743389,44.85386053,0.073045,34.08487308,222.6673,2.577916318,-7.804612273,-2.885384937,0.12618,0.267903,686.5513233,0.7599,-43.086132,1530.466327,413.2393613
7.230694,28.8145624,0.019797,-80.84589303,241.94567,-13.91125284,-12.79119449,-0.763432739,0.343635,0.76255,1216.122975,1.182861,-56.863442,2050.672949,316.6477335
6.301672,33.54289524,0.039075,-38.64504762,183.06567,-6.316230476,-5.851291429,-6.594758095,0.065279,0.492859,581.1967218,0.979852,-51.980076,2228.850395,287.0793637
5.913804,33.0990207,0.045314,-48.67716356,215.58812,-3.552418219,-12.70267702,1.591877847,0.060135,0.737383,934.3171614,1.046044,-55.492404,1937.456296,422.2152759
5.772394,38.89395934,0.0616,-33.50528464,202.39628,17.39737349,-8.440695783,-6.260153614,0.084837,0.346813,572.7336786,0.856212,-48.131744,972.5629043,177.5948002
3.132342,42.44992534,0.133297,59.61594953,211.66975,16.1185836,-5.637025237,9.872012618,0.256122,0.465648,650.1347105,1.364527,-46.482195,1501.849239,466.9470496
4.808435,39.18857787,0.053728,-3.285459016,207.882,-16.65008333,-7.252080601,0.497740437,0.083652,0.358268,385.2159576,0.848286,-46.586003,982.3220202,205.5229987
5.731248,39.34035088,0.040358,-27.2872807,156.96934,-19.55878596,8.442166667,-9.802131579,0.075591,0.519948,744.0431342,1.1004,-47.724212,1513.486397,319.90722
4.618159,44.51787279,0.074524,24.7576958,242.36363,16.38285841,-2.302915929,2.501505531,0.238626,0.668795,769.150517,1.289535,-45.242608,4037.7557,492.5482314
6.152246,33.55347908,0.049477,-85.66218084,184.55465,-5.22297166,-20.4272969,4.562109312,0.065851,0.489088,508.018624,1.019173,-49.733354,2133.726287,304.7862559
6.726101,33.4386813,0.057416,-52.03944656,179.06893,14.77156298,2.255814886,-3.282480916,0.089651,0.57006,722.8244695,1.276788,-51.870016,1941.142268,276.0512386
2.11996,50.02681571,0.139932,33.18004607,298.68363,-32.65861152,-17.0208911,4.981205236,0.248711,0.124068,600.634931,0.505242,-38.688704,979.8192517,244.7607176
4.248287,44.18249061,0.115736,26.43784105,238.78485,0.92991239,-15.13720526,-5.263612015,0.182878,0.399014,885.5990573,0.950277,-43.785625,1589.006683,241.0866607
2.553027,37.13728655,0.128736,68.16634152,210.54649,10.05349357,5.833921637,2.61405848,0.403142,0.545939,811.7017873,1.579431,-51.323352,4008.593524,437.5621136
4.135201,48.08407753,0.141742,33.64995549,348.52526,11.65928787,-10.09718808,2.451022254,0.232202,0.341929,482.4539656,1.097876,-45.402691,815.3813467,239.5918158
4.177733,43.51176052,0.071759,13.35386212,215.30077,12.54396662,-5.971208999,-3.85317852,0.112208,0.272541,437.2251471,0.743024,-43.062813,819.8859209,358.3724691
6.45806,31.34689499,0.037116,-66.28931504,163.76118,-2.043868735,-5.843484487,-5.655286396,0.093804,0.479039,553.6362515,0.848852,-50.16618,1178.38622,311.844851
6.402924,36.52990649,0.034814,-49.81131976,212.81914,-16.4997451,-6.945766214,-8.642883861,0.12437,0.451347,812.2461634,0.895737,-47.34944,1436.59941,385.3247094
4.132923,45.22222519,0.049732,15.5197729,274.93832,-15.07249332,-10.13739122,10.87794847,0.139192,0.293161,491.9123525,0.855206,-45.652056,954.3632863,256.9790902
5.038494,41.3034804,0.044808,-38.40910452,363.93751,7.413245226,-13.46259397,5.616345729,0.118532,0.385268,413.4803929,0.771758,-42.737403,1894.496001,306.5936266
5.082509,39.31563343,0.047927,-6.328883191,269.7922,4.416834758,-13.05792308,4.524218424,0.230025,0.449869,1076.013531,1.112368,-48.614402,2784.342462,473.6173646
6.404091,37.33806645,0.02975,-53.9108573,269.53098,-0.719138344,-1.896405229,-11.41686928,0.133202,0.734542,819.4887436,1.307589,-52.278979,1351.387604,263.1893356
4.149697,46.59376838,0.098428,20.98508701,176.29995,22.60840809,7.82352451,7.126079657,0.28014,0.452463,794.2510851,1.507686,-44.154284,2273.956513,225.2376786
6.574457,33.47265066,0.053516,-47.65188937,218.27873,-2.601503639,-2.991212518,1.852043668,0.07706,0.683672,800.5241309,1.285542,-51.360711,2178.213007,261.8439111
5.227263,44.52868126,0.081285,-3.917672098,320.91383,19.99204379,-27.8598778,6.502614053,0.111621,0.260513,414.4456892,0.77488,-45.377808,712.81581,275.4308329
7.350036,36.11661176,0.030923,-90.94323765,184.81587,-8.680571765,-0.92808,2.537703529,0.061092,0.47371,607.7333642,0.931518,-48.643702,2366.964873,348.445107
1.77385,55.5670546,0.158228,76.17641092,232.25424,-18.13095977,-31.42031178,7.517356322,0.303005,0.153261,192.8395023,0.669978,-37.844989,609.3674689,119.7024557
6.15876,45.04104515,0.089612,-5.05931316,232.56771,30.03221422,-6.188315082,-7.318930836,0.176604,0.448414,793.007043,1.851982,-46.529235,3098.77985,519.7506027
4.56894,43.05353882,0.094533,4.437731525,261.77261,18.89829747,-20.39490178,5.17744247,0.144919,0.331521,1013.323126,0.869687,-46.406642,1567.307107,562.0447685
4.125226,36.49629238,0.071053,-6.221783784,102.1122,-5.289498772,13.62574693,-2.088312039,0.101571,0.440943,790.2735104,1.153351,-50.129618,2309.243717,311.533707
3.280946,48.54997642,0.063431,27.72956604,252.36853,-23.40983019,-11.13670755,2.720778302,0.148423,0.31558,554.1781018,0.786392,-41.627262,1323.45697,280.6816894
5.369057,43.15207251,0.031007,4.799715008,299.49342,5.443887858,-18.69029258,3.7066914,0.467821,0.566476,1065.056522,1.116685,-49.558997,3342.15814,371.4017158
7.437666,29.47595642,0.031405,-69.9625109,198.63465,10.70654722,-12.89167797,5.992380145,0.125299,0.658609,1131.456619,1.292466,-59.041535,2786.854331,480.816773
7.181915,37.67271949,0.047764,-63.80271791,289.77587,10.28518384,-15.425813,-1.499459588,0.078321,0.54078,694.451657,0.897706,-51.499842,1480.201708,398.4148525
3.853884,47.08758466,0.082741,33.69816402,220.39465,2.403779101,-12.20052249,-3.859970899,0.123813,0.273869,647.0441957,0.770683,-43.465242,788.6582336,246.8042792
3.316675,45.98844221,0.139212,48.20532339,393.63873,6.179802496,-15.54523711,1.464145958,0.228982,0.208918,649.9999364,0.715795,-42.319096,1001.754764,377.6996193
2.887624,39.22784466,0.132794,31.24133333,206.88934,-2.594061489,1.465148867,3.884985976,0.249007,0.423792,1296.002323,1.435701,-48.385772,1583.740008,354.2362844
5.731666,45.44535214,0.035114,-27.88147126,298.37016,-33.3827116,-0.640741902,-4.921548589,0.296322,0.565523,647.7728894,1.226298,-47.024775,1802.863879,345.0549453
5.00304,38.32707545,0.050462,-14.06994246,204.95628,-6.693838875,1.068700767,-0.056982097,0.079814,0.366948,471.4318595,1.030772,-46.395764,1474.945928,200.6292096
3.007715,48.41817145,0.115366,27.3676547,236.7473,-14.44330144,-11.29248565,11.36555582,0.203049,0.243455,524.7870517,0.852236,-42.169968,686.3149527,227.176044
8.978395,26.76545387,0.028528,-120.8713173,202.81424,-14.77385055,1.940317343,3.736204797,0.044382,0.753681,815.7045079,1.243223,-61.922505,1967.636387,367.8764166
4.738004,45.45795045,0.047612,-4.928548423,258.89914,-26.42291892,1.974802928,-3.156440315,0.138358,0.436783,485.1645565,1.075208,-45.816068,1251.397554,265.1454568
5.486061,37.32608861,0.048382,-33.49601582,214.33424,-9.701324367,1.204783228,-7.370033228,0.091184,0.497292,889.4757878,0.914049,-47.396304,1918.403169,275.245359
3.732052,44.10680223,0.053529,21.29219499,238.78485,-20.23104364,-3.762455896,4.624766945,0.38277,0.461201,676.5601617,1.139008,-46.798562,2002.108389,421.5890008
0.461822,41.87035643,0.110284,-45.28430337,845.84444,-43.35630524,-11.66570037,3.836286517,0.560795,0.070369,463.7152259,0.360342,-87.081302,901.9566344,278.7880926
3.521514,43.81610246,0.064645,17.3647118,469.83791,-15.25018095,-11.10245656,4.657498502,0.190957,0.476206,861.956819,1.220611,-45.897544,1545.897062,453.0654427
7.236879,36.80292869,0.035019,-53.24155592,221.49179,-16.84932577,-4.454280389,-9.333792545,0.083105,0.452235,562.9724311,0.846373,-52.148536,1030.551139,219.8774754
3.704917,43.40981652,0.114893,14.67589304,287.52934,-6.443867826,-19.24049043,-1.124298261,0.199406,0.268078,396.1559768,0.746801,-41.526726,893.4100221,311.1180627
4.659174,40.6011473,0.089529,-3.300962357,208.14322,-2.470628478,3.0079509,0.246160393,0.138808,0.492646,618.4311072,1.095517,-46.359086,2230.269383,387.1988683
2.357087,47.79659942,0.105794,63.60394669,144.09098,32.37372478,-5.201972622,9.293989914,0.260442,0.385426,1014.907887,1.292438,-42.750864,1556.789031,345.3564084
4.402493,41.50960995,0.097546,28.72769852,254.06649,14.67798601,-8.572822844,14.24388967,0.198019,0.487835,658.5527937,1.672193,-47.241074,1927.742051,289.1204592
3.726292,44.60011364,0.087273,36.55633636,198.84363,11.76055152,-7.944087879,-0.046871212,0.14439,0.279686,797.985716,0.801696,-44.02931,1152.174033,382.0493587
3.773322,44.5448452,0.083498,9.689774011,246.15138,-20.54558983,-10.2532226,-1.124898305,0.137379,0.47408,762.7370649,1.165923,-47.6262,1849.602527,440.757835
3.656474,50.88965996,0.077288,38.20346069,180.97587,-7.11613894,-14.42840768,-1.183246801,0.137704,0.446318,566.0642149,0.95252,-41.271149,995.3088839,164.3650306
4.237705,42.11439513,0.055882,-13.46436807,288.60036,-21.00098512,-28.27047497,4.574326116,0.177909,0.549438,475.154711,0.842439,-47.701111,2758.528436,288.2627513
6.085767,33.3447949,0.054712,-35.78357834,259.68281,2.367078981,-4.476529936,0.50686242,0.078353,0.444269,611.8983574,0.963376,-50.130499,1517.81349,228.4030093
2.01166,55.48318115,0.1493,68.29087616,259.00363,-25.53104806,-25.79765989,8.147304991,0.294334,0.132575,227.5200399,0.574017,-37.398491,925.5780014,137.3575362
6.091141,42.69998853,0.041369,-37.13520268,259.13424,22.02635755,-3.990309751,-0.949979924,0.072138,0.392974,790.5281279,1.072008,-46.793006,2225.625466,396.6509008
5.0984,44.84242464,0.087071,-29.42230803,201.69098,20.16071177,3.601188119,1.930876788,0.158666,0.406514,1241.94024,1.355053,-44.179461,1918.301165,307.4115567
4.257774,33.22586501,0.103754,17.64705595,242.62485,29.09907904,-6.002919183,8.76255151,0.18451,0.331743,708.9992282,1.177246,-52.1755,1219.763901,387.0504675
4.150567,39.50242857,0.098644,0.235267857,286.79791,-1.60428028,-29.6102368,1.172467391,0.257829,0.470529,677.5909593,1.049722,-46.914505,803.8140793,300.5505602
3.208518,46.22865965,0.115552,24.36658647,242.78159,-13.07324058,-8.347930155,1.751906874,0.186025,0.33907,513.7245276,0.862179,-43.774132,940.4697655,467.2897992
5.053121,38.72336998,0.057129,9.69511895,345.12934,-2.094155045,-8.752724364,5.326603774,0.137755,0.490275,652.3834681,1.108378,-49.809856,1651.514582,285.169827
8.920344,25.5884372,0.022281,-104.4817053,206.13179,24.19390338,-6.131599034,6.289671498,0.052123,0.610517,878.4667116,0.913824,-58.503845,2085.918209,367.6638062
5.75076,39.13213041,0.038344,-40.94408005,495.59465,-19.43875145,-5.877086507,-4.995506779,0.09719,0.594943,608.2120856,1.146705,-48.912445,1072.86048,344.8879329
4.945582,39.8998336,0.056403,-17.92235499,186.51383,3.594356577,3.186234548,1.559529319,0.103713,0.439625,504.7555802,0.924517,-45.638263,2114.045078,245.7764861
4.581673,47.20057806,0.091176,4.063496484,208.06485,-8.145599156,-8.703933896,-1.010957806,0.153158,0.530216,938.3363633,1.072094,-45.485419,1561.791925,346.6540772
11.250195,29.50954353,0.050228,-167.7110588,131.34322,-1.687974118,-4.097767059,13.54279529,0.075499,0.51749,981.2209167,1.390326,-54.489678,1499.62875,394.0992955
4.587807,46.31415902,0.10205,-0.794416393,173.11302,14.0075459,-14.35335738,-1.267965574,0.162043,0.426933,578.4481856,1.026841,-42.418188,1389.726751,218.4324366
7.462919,36.41100951,0.036117,-92.53253042,214.22975,-16.59552852,-0.524319392,-2.29580038,0.071055,0.417679,612.4984516,0.811412,-48.451959,1762.681678,369.5440907
5.040908,43.09348821,0.051511,-12.63487972,215.45751,-6.520551887,12.48856486,9.186403302,0.285777,0.863362,1394.99558,1.5647,-49.365482,7582.818208,511.6692157
4.446182,43.344375,0.081268,18.81151868,212.94975,33.33670259,-13.62172701,0.10058046,0.123827,0.304292,673.026918,0.780357,-44.241078,1103.120348,390.7883296
5.45181,46.39911268,0.04056,-27.86724296,224.67873,-5.879312207,-20.31419953,4.873652582,0.13557,0.412822,328.1099002,0.965852,-44.450034,755.654655,217.4295067
6.103713,41.42262702,0.054379,-46.32075806,180.74077,2.444530242,-2.497354839,-9.555459677,0.068546,0.654656,706.252601,1.325611,-45.962784,2351.708004,495.6370076
2.919361,50.77966204,0.117047,19.59099537,58.14812,-32.82612037,-23.34601389,4.08175463,0.221678,0.326934,176.7181584,0.573182,-39.452562,1721.005877,84.79931203
4.515246,46.72508848,0.05088,-3.535161523,233.9522,-9.431882716,3.408323045,5.807330247,0.134532,0.365852,500.9885335,0.929515,-42.708385,2548.62505,247.1061091
6.127234,34.80702644,0.042149,-49.55855048,209.73669,-6.144918269,-4.096622596,-0.053701923,0.123102,0.579375,544.1029935,0.847043,-49.644234,1567.322899,274.280308
5.589648,44.16324935,0.091184,-28.87514729,201.76934,-7.324104651,-2.313550388,-1.621719638,0.150351,0.370493,534.3107889,1.07584,-44.42508,1319.796467,295.2006888
4.521807,41.16615217,0.051269,-13.54461335,295.07873,2.590607143,-15.2411809,3.315732143,0.171134,0.265288,535.9899435,0.880925,-48.103916,1201.524373,316.4101065
5.41365,39.91581567,0.04605,-26.80324885,178.442,-8.464079877,-2.059732719,-1.521402458,0.080345,0.621415,537.2993286,1.144023,-47.326889,1033.505255,235.0305132
4.177862,44.96860353,0.073786,-5.031468235,228.28363,-18.38058118,-12.59056235,0.143792941,0.101939,0.28257,327.1130142,0.731414,-43.690627,878.6555616,251.0270578
7.086711,32.49976404,0.027647,-71.43261423,183.50975,-5.102636704,-14.28159551,-2.318421348,0.060928,0.541793,505.3006158,0.870562,-52.110848,1007.305118,348.9086974
5.193858,44.90489864,0.031448,-32.94860647,238.75873,1.604770869,-10.15544719,2.586016184,0.422883,0.445193,470.3819053,1.331478,-47.273081,3365.934741,254.6729403
5.154165,43.54425756,0.059853,-28.10608433,229.74649,7.048023831,-0.203815765,2.354817599,0.176475,0.549203,696.7137309,1.389137,-45.11129,1775.825626,299.0501875
4.691935,45.70888962,0.13167,-0.340415396,318.48444,1.746727669,7.732920842,3.752297749,0.233164,0.520917,712.1398773,1.309895,-47.862452,1640.062898,278.316916
6.936793,35.80819165,0.053762,-51.04471158,195.00363,13.36812524,-1.796127135,-2.433316888,0.079979,0.602571,643.6472224,1.074096,-50.353674,1408.478198,227.1602574
4.669181,40.62807471,0.072244,4.115878113,227.00363,6.009056356,-13.86716645,-0.69742464,0.111348,0.332606,483.5783996,0.859537,-47.664388,685.5213678,316.4477919
5.894178,39.95560656,0.042691,-47.67091393,221.25669,-12.77153074,-0.002907787,-1.223555328,0.07029,0.34544,590.819873,0.716385,-44.267937,1370.580105,248.7229638
3.989537,38.15501415,0.087264,31.8201195,209.13587,23.48393868,-7.563712264,-2.34068239,0.168601,0.281051,897.0497436,0.776573,-48.79289,1718.101998,573.7774163
3.145774,48.85898139,0.117169,45.48037952,215.66649,-0.424641158,-7.854720786,11.70799586,0.211308,0.318968,595.5285535,1.099897,-42.614136,779.0940308,320.0092916
3.525036,48.93391557,0.089014,43.36520712,210.54649,18.00129815,-7.359856201,0.434658311,0.206533,0.280313,555.728785,0.844058,-42.771808,745.5424978,313.7927635
5.558419,42.88451147,0.085785,-3.067690367,149.68118,18.93241743,-12.15590596,-6.867669725,0.139683,0.566822,747.6702288,1.167243,-46.28377,997.9396629,320.5749339
5.561582,41.56398726,0.041641,-9.532749469,251.76771,-21.78456157,-1.344398089,1.687511677,0.272337,0.658782,1158.775349,1.448345,-47.655477,4081.905295,454.2902482
4.3398,45.0598253,0.124138,-22.70456426,104.09751,-26.6919739,11.08160442,8.070664659,0.20534,0.275764,347.2011592,0.790755,-43.128191,1987.745169,145.7618883
4.465228,47.03156935,0.082705,21.53838468,398.23628,-11.66167258,-15.63167823,3.764235484,0.130904,0.317306,504.4446253,0.896735,-45.641831,641.5635505,245.3598411
6.114429,40.30993448,0.039315,-6.645481034,184.81587,-8.395463793,-10.91837586,-2.578665517,0.214837,0.455063,905.658446,0.978283,-50.923862,1925.190249,436.814758
4.633092,42.76878378,0.085649,16.75136583,252.39465,7.121121622,10.09492375,1.717215251,0.192158,0.544822,878.7249457,1.740726,-46.634522,5667.906516,422.920976
4.542084,43.55267007,0.065136,19.97156973,203.80689,15.62765306,-17.36073469,1.049105442,0.101963,0.308595,592.3036408,0.741086,-44.848909,948.8325321,343.1361054
5.791499,36.64036224,0.039124,-44.37896643,223.34649,-33.86909371,2.652253147,-3.905057343,0.122731,0.446276,698.4214305,0.983714,-49.601607,1337.179696,263.2375959
6.004556,38.09985175,0.075289,-36.67702291,252.55138,4.091508086,-2.909074124,-8.172113208,0.10743,0.356757,472.4757293,0.877148,-47.643178,1421.641313,242.838893
3.778493,43.18905602,0.131772,44.26085936,220.89098,23.89825149,-2.137657926,8.196619785,0.256905,0.520976,839.6831097,1.145451,-45.419043,2196.402666,391.0031127
3.22037,51.46017647,0.115694,23.73272549,116.81914,-32.22531653,-26.25381793,4.498067227,0.201809,0.23517,365.2085533,0.576641,-39.1624,1101.843459,220.4801264
6.591112,31.52209167,0.045746,-44.38098318,380.36853,-2.086150547,-1.845522288,-0.019625736,0.075261,0.726231,828.4042632,1.346572,-51.356462,2223.856127,272.3435734
9.11685,30.38838609,0.035658,-72.96381055,212.92363,9.921877698,-9.756978417,0.42357554,0.05092,0.622948,1506.083114,1.056845,-58.478713,2732.058421,451.5811893
2.345604,44.98928312,0.136816,50.49660174,331.36281,-14.41847634,-19.15013644,-2.50708123,0.243304,0.376611,799.9746721,0.879896,-40.103739,1430.256506,428.1594213
6.14006,42.54154086,0.055187,-4.038760773,253.02159,24.94731649,0.486827637,-9.400098068,0.111925,0.746114,631.3861942,1.329199,-48.863282,1905.536532,239.2084325
5.299892,45.35416424,0.057096,-10.97109951,280.89424,22.53292638,1.757078479,-5.509482201,0.232975,0.441267,999.1038037,1.294749,-45.291426,2968.670786,440.7166001
3.774224,48.58058429,0.13149,6.988639847,186.01751,2.315,-7.8413659,-5.783028736,0.229548,0.318826,596.7254385,0.878804,-41.150124,702.0665134,291.8128063
7.018053,38.94819552,0.038165,-90.77641594,292.12689,-44.77608095,-9.938689913,-2.741215442,0.055879,0.58182,575.6291501,0.82549,-45.86777,936.2268934,218.5236738
4.691279,38.04109358,0.067725,-2.467247095,445.6224,2.565477676,-4.536456881,7.531231804,0.192876,0.579549,801.7785012,1.256649,-54.408223,2806.7836,401.6761574
1.444461,48.15997674,0.076048,31.717,15.90812,-22.12313953,-5.844744186,6.071372093,0.612232,0.436558,260.1992977,0.373332,-22.306689,2295.929374,117.8774712
4.408911,43.4455438,0.065895,17.60419252,314.22649,-3.087096715,-16.25782573,0.553947993,0.094954,0.297617,955.5743347,0.840104,-44.03464,1183.582245,510.9853899
6.53332,42.65536953,0.043338,-32.34779055,366.99383,16.36811354,-9.076127645,3.97987024,0.195576,0.471579,800.7008822,1.344619,-49.119987,3014.946338,470.2636994
4.439466,44.34248495,0.099188,9.056334448,311.64036,3.286624303,-25.06663211,-7.094336678,0.154285,0.314999,954.1709593,0.757337,-45.57331,1054.302828,452.4885669
7.16226,37.07041019,0.028249,-77.57520388,157.88363,-15.23244903,-11.08088107,-7.832325243,0.092526,0.567954,405.5488298,0.939681,-49.125001,1359.131906,293.5504991
4.989262,49.49505009,0.062311,1.924456401,187.95057,7.046786642,-15.38675139,-6.600534323,0.087173,0.383108,378.4393641,0.849241,-41.85505,1071.793713,224.4163626
1.59213,51.38731758,0.166864,94.30489792,251.55873,-15.26055198,-26.58110208,10.4193724,0.319125,0.144954,612.0337474,0.651022,-37.137433,1237.990847,282.2890945
6.579873,42.78920198,0.046433,-26.07450558,221.57016,8.514144981,15.0123829,6.10032342,0.235653,0.680538,1151.435365,1.587829,-49.52696,4176.684538,452.9143649
7.057634,34.32884006,0.03285,-47.71272516,193.30567,2.682608696,-2.71856677,-10.88004814,0.04162,0.576133,753.316962,1.253441,-50.389269,1447.916729,293.5110275
3.60463,48.75961746,0.129321,31.43511961,220.49914,11.03096767,-4.173613147,2.589713362,0.214912,0.379923,634.4201343,1.148389,-43.172512,1503.362769,367.5316045
4.349253,42.33436453,0.11566,5.187082888,234.57914,21.03707308,9.576761141,1.791798574,0.20648,0.453312,795.323524,1.481066,-46.978167,1674.691536,283.0103002
7.233304,33.22588068,0.044407,-32.13037689,204.93016,37.90967235,6.368373106,-5.153001894,0.065632,0.536016,1130.419659,1.013202,-53.540727,4356.631093,651.3827516
4.701943,35.24291839,0.065061,-48.42069819,404.45342,-8.134079663,-15.3768478,0.847052461,0.09744,0.257265,1721.002533,0.845279,-48.661313,1560.252039,867.5214029
3.985446,45.30487694,0.069277,13.02399881,247.45751,-5.148410992,-0.43046356,-5.092562724,0.115688,0.260829,510.0893781,0.770851,-43.022948,1259.082846,288.451631
1.938443,47.50176558,0.141428,33.52978042,82.41587,-47.93373887,-17.99144807,7.776724036,0.258575,0.207013,545.1764829,0.865164,-40.649,577.2178025,282.0279058
8.604891,32.05956039,0.053843,-116.1564662,159.242,-15.93726812,15.93800725,4.71721256,0.074742,1.01522,997.4476067,1.434988,-48.567618,1923.659754,411.3804689
3.826888,47.30991369,0.139987,30.76883359,242.25914,16.23268351,-8.430017885,12.88288647,0.241281,0.276414,901.9020355,1.191696,-42.675862,1347.028325,315.6094305
2.29554,47.87855056,0.079956,73.41444569,182.43873,-21.48514107,-18.85463421,6.581918851,0.421284,0.415839,927.0673049,1.153881,-45.123421,1745.530775,279.8954047
2.552338,46.99124315,0.117653,15.1148598,213.34159,-23.62256736,-20.07887952,5.825352683,0.214626,0.204927,324.2890002,0.67015,-41.6159,562.6727411,203.9838627
7.79843,32.73140796,0.042712,-131.5557264,182.30812,-26.406801,-11.66679104,0.584845771,0.057083,0.561704,1108.064604,0.886548,-50.150255,1805.45379,473.3294518
6.403826,36.21986182,0.041177,-62.90974786,264.38485,0.141937322,1.595571225,-3.856229345,0.075435,0.607907,853.7778774,1.008826,-48.723542,4298.585181,351.0968304
2.425368,51.62344609,0.112711,29.96550696,329.32526,-36.76192435,-21.43728696,6.321504348,0.219304,0.200582,491.191654,0.638662,-41.054251,965.5098646,217.6375336
6.853368,40.16426329,0.054668,-4.271514414,283.68934,46.15104933,-25.21910314,-7.525536835,0.294114,0.374219,670.2110088,1.214682,-49.441574,873.8401157,695.6124058
4.871015,40.01090307,0.052679,-2.165183301,315.0624,-21.43180326,-0.35325144,-0.749961612,0.103635,0.409346,431.465031,0.927789,-46.997312,1089.251344,221.4949473
2.85511,48.13668033,0.12051,-5.93005123,195.52608,-65.49793648,-13.54052869,4.536122951,0.232794,0.270749,201.2397358,0.539935,-40.710452,881.9264858,105.4260869
2.740415,48.62389985,0.152538,31.37503387,176.40444,-30.61174521,-8.51966863,6.661010309,0.265064,0.19296,242.7814296,0.724085,-40.919279,434.2813202,132.3500481
4.471353,44.29859432,0.099735,6.67418197,152.89424,19.95950417,1.252933222,-0.940390651,0.154857,0.35409,550.4457186,1.041254,-44.116452,1154.351356,280.4511184
2.685972,41.0128936,0.152018,59.29488097,280.65914,-10.49127592,2.315051398,9.905267809,0.323374,0.563764,630.3551232,1.456299,-47.235243,2794.505733,309.733792
3.408709,45.70455026,0.068272,40.99888531,228.51873,2.803755155,-4.373871134,-1.82766366,0.141423,0.287918,644.2870757,0.862566,-44.825327,1162.518345,397.0352578
5.970686,38.84969724,0.068733,-27.54336906,238.86322,-9.34659779,-10.47890276,-3.403142541,0.104737,0.488427,464.8152616,1.244955,-48.442036,1664.610061,238.5270781
6.439268,38.12992468,0.030625,-50.11968058,373.89016,-21.34182033,0.525559891,5.201772232,0.401907,0.709738,1100.638245,1.269626,-52.295335,3610.158746,547.2816008
6.563445,36.11193431,0.041914,-35.05846229,173.50485,12.26614355,-2.252291971,-2.077562044,0.079829,0.458728,1164.43067,0.820173,-47.8391,2144.603699,341.7177163
4.932725,43.68722416,0.050236,-7.063746162,230.66077,-0.315631525,-13.47808598,7.415110542,0.361222,0.483979,597.370824,1.157472,-46.415823,2209.075171,286.5059187
4.178521,42.73496858,0.100426,5.385148907,218.51383,-1.586375683,-6.589474044,-1.532105191,0.147725,0.313453,907.6170518,0.982467,-42.234695,1946.111586,326.2686773
5.073565,42.12031481,0.09356,-5.079677778,150.25587,32.77537901,-21.40995926,3.248541975,0.148941,0.239523,467.4230833,1.098887,-46.809189,806.503831,175.1555873
5.242866,46.07225361,0.044797,-10.80766392,404.55791,-15.40404192,-9.341685223,-6.286874914,0.234209,0.468361,623.2923979,1.082288,-44.83586,1501.387628,318.5226329
5.183356,37.3533875,0.06489,-37.54021177,571.53261,-2.448852999,-12.28423543,13.68360293,0.44455,0.375582,599.4918253,1.535615,-53.742813,2606.803827,214.1377774
4.073161,45.3190339,0.113891,9.854048426,178.33751,-31.17813559,10.57714528,-0.940891041,0.281914,0.409606,1144.166462,1.293673,-43.354936,1768.299865,411.6292486
4.754616,41.4410738,0.061364,-3.886968373,190.14485,-11.66152259,3.431843373,-5.328509036,0.102226,0.346185,865.7782019,0.895641,-46.086434,2626.226154,422.5406137
2.44901,51.18948408,0.157715,14.7176879,51.27791,-36.4023121,-17.50933758,6.708783439,0.298065,0.309251,185.7024348,0.578546,-39.327707,1133.542701,68.80849069
4.212018,41.93139964,0.071474,2.469416592,237.08689,23.01920963,13.29106155,13.56246833,0.145061,0.440541,956.5349766,1.454696,-47.191164,2802.853512,381.1715668
6.289367,45.66869377,0.077155,-61.6514245,227.73506,3.025198522,-14.34037592,-2.93450792,0.119392,0.354708,788.5488213,0.906375,-43.088454,1669.847727,307.5804631
2.282115,46.19042594,0.139375,42.87109707,292.38812,-20.22442762,-20.14050962,5.641641004,0.26877,0.17855,426.0151436,0.628578,-41.580565,385.2716354,281.0592796
4.092786,45.86814545,0.083944,28.27275215,231.00036,13.23756746,7.191583732,-0.907343541,0.158725,0.3353,716.6723411,1.037443,-44.796384,1684.987984,395.9516716
6.313568,43.58729442,0.043042,-12.72203384,213.21098,14.84158714,-6.990864636,-2.211460237,0.06113,0.474097,856.3074919,0.90568,-48.940008,1821.015049,358.3942659
10.565299,37.02146699,0.069554,-174.7225086,146.80771,-27.11782152,7.322750611,6.929051345,0.107368,0.475976,880.5813312,1.354841,-48.592761,2505.066093,406.8297785
6.042234,40.65540667,0.043917,-35.77066833,209.03138,4.855796667,-10.33124167,-0.074605,0.094372,0.387665,919.0625192,0.801217,-47.839974,1340.00528,562.02489
7.612127,40.12620755,0.048639,-117.4245079,164.25751,-19.15589465,9.453421384,4.336872642,0.068576,0.423268,671.5520554,1.161166,-47.571965,2195.582477,370.5409707
2.888275,47.65842301,0.09717,9.581738053,192.07791,-58.96655575,-17.9421115,6.300968142,0.178977,0.200077,358.9038504,0.710384,-40.970957,1057.736436,349.2941847
5.483513,41.62217563,0.047911,-25.25171203,217.15546,-18.74715032,-5.812265823,-6.202830696,0.080728,0.334655,464.9073737,0.863498,-47.320025,931.8640055,219.2716131
3.319215,47.07877175,0.101683,43.72408203,319.05914,-11.0573224,-22.42023609,13.93936947,0.170727,0.235693,966.1405714,0.764607,-42.716272,951.1178838,418.713416
5.247663,38.30375328,0.081926,-25.21596063,117.13261,12.3567874,1.266929134,-2.280740157,0.129492,0.558817,825.9541985,1.315197,-48.69269,1829.388109,287.3605869
2.609108,46.42660989,0.085448,41.3819728,493.5571,30.3807153,-18.04172519,0.042579289,0.320264,0.628211,465.255057,1.805565,-46.999518,1403.074353,452.9869552
3.888402,31.24404022,0.130965,39.56833912,256.93995,32.90101737,2.872849177,4.402299817,0.230427,0.330907,968.3613828,1.049653,-52.937074,1274.714185,440.7357858
4.292642,41.742363,0.120611,-6.126101874,357.79873,4.842770492,-13.40193208,-1.227822014,0.192377,0.330524,762.0327285,0.696313,-45.066008,1401.035426,487.316378
3.017385,46.33282938,0.126117,18.10995164,288.49587,-28.82375091,-5.871408759,1.359034672,0.212226,0.291372,436.6821805,0.795891,-42.022661,979.8966229,225.494572
3.978355,45.68786753,0.061186,7.328641357,170.60526,-17.18393861,2.795290792,6.166607431,0.099149,0.392821,382.2075026,0.923759,-43.89917,1008.375229,204.3048379
4.74416,44.90669406,0.091935,0.429134615,203.51955,4.925879371,-13.7476486,1.074694056,0.136083,0.429873,594.8527251,0.934558,-45.962386,1484.216229,314.6678352
3.796841,45.220346,0.063963,30.6028637,189.80526,8.40433945,0.564635649,5.55685059,0.09978,0.383848,803.441215,1.073857,-45.233603,1229.970531,256.3759398
3.635331,46.53949135,0.121441,19.99895577,237.97506,17.81076635,2.141578846,15.57151058,0.208582,0.378266,687.4504685,1.191137,-43.531012,1563.602816,326.64278
3.435322,48.07566495,0.078115,41.14396907,295.26159,11.8082,-14.33148351,4.414543299,0.147274,0.235625,736.436901,0.733761,-41.499979,872.7544957,419.8727524
3.468554,48.91173357,0.146786,48.50944683,250.17424,3.028289128,-12.27970012,1.247624851,0.24762,0.344843,387.1117872,1.04586,-43.17625,772.2664571,225.6042456
6.443513,33.30177879,0.028556,-67.17899817,202.34404,-19.26857952,-9.753588665,-4.498230347,0.153233,0.525752,707.8264239,0.926168,-51.629307,1157.807149,288.7719198
2.15486,41.85244683,0.18658,72.15425172,365.13914,18.82512178,-21.53072556,12.1267916,0.518324,0.282653,1299.639777,1.644574,-47.447719,1938.240774,473.187179
4.986189,36.49963166,0.043767,-28.44177515,216.89424,-14.4222855,5.757094675,-3.00216568,0.146832,0.405923,625.1069415,1.007382,-49.321133,2417.696404,297.0929026
2.43124,47.21042624,0.088987,18.32308398,751.56853,-36.63962765,-16.33272724,4.994958008,0.129552,0.263938,425.6340331,0.695553,-43.502655,1254.143876,343.2680116
3.582504,46.18854545,0.126091,39.00582288,219.19302,4.428753919,-7.923426332,-0.59980721,0.21023,0.464304,419.103147,1.082201,-44.391668,949.7006272,291.7168059
2.824294,41.30794203,0.139904,69.06386423,257.802,-2.411787185,-17.28497635,9.527765065,0.26117,0.339123,569.4846365,0.958274,-46.888616,1044.253549,316.2648521
5.950073,40.46853484,0.042125,-42.22331073,194.37669,-9.330457627,5.963691149,-4.99500565,0.07892,0.561307,662.6981621,0.95308,-47.411128,1610.196842,321.0019718
4.054712,46.09553694,0.084316,22.49158545,198.08608,1.70545204,13.07158765,0.497706725,0.153805,0.364762,599.8812483,1.00484,-43.952948,1663.282341,404.2878536
4.408312,49.30864558,0.046375,-6.948300716,259.29098,-13.75663842,-14.63131742,0.99222315,0.07143,0.251726,472.6263274,0.832821,-41.500148,734.9425687,219.9521173
5.416439,40.66378952,0.027232,-35.26296181,277.99465,-25.22308171,-16.13714298,10.87712433,0.344689,0.432053,737.8158434,1.042395,-48.38597,4575.769401,296.4929524
6.302147,39.37948169,0.064948,-50.66379863,221.962,20.83240961,-17.90637185,-9.656915332,0.090042,0.333563,475.0013032,1.078979,-47.522182,929.0101158,275.097437
3.870372,44.43954337,0.098152,17.97083801,209.05751,-3.069758929,-17.62089286,-2.499737245,0.125618,0.444115,582.7830052,0.974203,-43.541825,1591.780535,441.1138652
2.584102,47.78424036,0.075886,42.22969155,196.17914,-24.61742658,-12.51272272,7.622525021,0.329647,0.360723,394.3534072,1.186191,-43.501617,1387.875423,182.5467475
3.094187,48.01209763,0.110381,1.942707124,116.81914,-38.66938786,-14.3246438,6.411672823,0.205294,0.166976,381.3731645,0.579196,-39.618186,985.6652928,156.5214532
6.812575,39.00094649,0.03083,-51.23019298,370.72934,-9.792768421,1.739691228,-3.9232,0.111454,0.538445,649.8189817,1.176854,-51.373783,2328.338458,408.1029722
6.391855,37.8303041,0.036379,-62.49369731,196.57098,-17.72041584,-4.266540311,-0.129944837,0.143733,0.686491,559.2614684,1.217136,-48.160762,1584.94761,209.1268899
5.723364,39.3787914,0.057907,2.663046178,227.49995,27.28006369,-11.50412261,-2.581990446,0.077113,0.342018,1421.534423,0.723344,-50.667337,1934.491718,432.5025735
3.185594,42.11243462,0.152994,45.55038232,192.78322,33.73807472,2.968140722,8.146749689,0.279903,0.430833,1183.793841,1.248635,-45.401007,1752.067806,426.525538
4.351507,48.72755626,0.051327,6.510450045,229.74649,-12.66443924,-11.85783528,6.476418542,0.180469,0.404395,512.6752373,1.001071,-42.585931,938.2717312,240.8773647
6.801247,36.10824207,0.030931,-37.69202594,149.15873,20.31388184,-9.385769452,2.291380403,0.074129,0.5327,1418.291719,0.751266,-52.888139,2815.96422,680.2656515
5.404547,43.84216578,0.045311,9.976324421,159.03302,-1.333351159,-8.349030303,5.893543672,0.115297,0.471704,868.6152355,0.998059,-46.390204,1766.517435,447.8921291
5.324545,38.84820423,0.080187,-19.29811796,167.94077,13.02816901,-2.758834507,-8.286051056,0.106068,0.704893,992.3130986,1.32514,-49.472041,2069.337223,284.6155128
6.596004,39.76546027,0.036111,-44.56266301,185.0771,20.84142877,-4.586294521,2.395643836,0.060524,0.396319,622.4455789,1.08623,-49.06702,2410.369233,401.1847058
2.10438,46.35361376,0.159417,53.25903552,236.22485,-21.98356715,-9.663887902,5.588347392,0.275221,0.203163,364.7165402,0.732063,-43.167522,645.4135152,183.2543347
8.982041,38.13516877,0.055128,-130.3271798,170.9971,17.1583959,11.32197792,-10.91441009,0.078694,0.658453,791.8196004,1.490845,-48.770821,2677.654949,674.6774058
4.30061,43.81928265,0.067003,28.68875581,352.15628,5.301245081,-10.54255098,-2.454010733,0.098036,0.313765,995.5798429,0.714621,-48.56793,984.2506678,400.4037769
5.03854,37.57471896,0.069283,-33.69326739,177.03138,-16.44298363,10.07660164,1.725870396,0.128359,0.496772,849.1442359,1.360725,-49.819021,2244.236663,344.3699468
4.458061,44.03132373,0.052236,4.990582949,263.31383,-2.671379032,-3.8745553,-0.628663594,0.201469,0.424797,476.8657099,0.932537,-46.841657,1457.942505,290.4571991
3.98948,48.89739742,0.072152,28.45138298,401.34485,-30.08607523,-17.86495973,2.691317629,0.093695,0.497246,453.6084244,1.198314,-45.718041,1330.22248,261.0681055
2.628792,47.55397753,0.105839,22.38770507,436.08771,-26.8856659,-16.19354896,6.648789747,0.18528,0.305275,547.6557754,0.815614,-42.379303,1029.512141,259.1415586
3.194094,45.65076756,0.106291,31.31888427,267.04934,-30.17650544,15.61111375,4.355264095,0.204343,0.44209,743.8312149,1.280006,-44.622976,1971.071239,219.7836144
1.715849,55.44415266,0.158225,78.97062093,202.03057,-19.68688508,-30.3230223,7.812024014,0.305073,0.172208,170.8870137,0.700473,-37.985929,750.3837494,70.44231212
2.959983,45.94528976,0.149856,44.36695418,223.18975,-0.225214286,-9.263684636,-0.461714286,0.272349,0.305258,491.1673263,0.861799,-43.470663,999.8132621,272.5254369
5.525745,43.63004118,0.061474,-68.17691471,112.03873,-58.67263235,23.64455588,6.057732353,0.106116,0.414717,657.2234303,1.068312,-45.030539,2328.586447,140.0495022
5.17741,42.02475255,0.09441,-0.418369654,289.27955,15.23985743,-17.2471222,-1.296266802,0.137845,0.329465,708.2641212,0.822868,-44.223726,827.5949864,328.6886534
4.082552,44.0795514,0.082921,14.60620427,251.74159,-4.677024032,-1.618088117,2.264008011,0.149446,0.585372,605.6839218,1.239463,-46.234664,2122.041942,313.4248888
9.988607,38.25226563,0.0587,-173.2455176,151.82322,-66.91484375,-2.693951172,9.293240234,0.09335,0.475192,862.2208002,1.417961,-49.061184,816.9625353,260.1246311
5.104379,44.34074194,0.111361,-13.34206576,244.71465,3.046388337,-12.31775558,-2.510831266,0.177155,0.648874,566.5213509,1.191455,-44.887712,1173.402772,361.3362143
6.091037,45.79445688,0.088301,-10.32474025,268.14649,33.11200924,-16.46394559,-5.57411807,0.18275,0.482723,513.7166007,1.385119,-44.86408,1826.09952,196.6309068
4.024048,41.63317862,0.05983,18.35186676,298.52689,-3.329586384,-16.44522182,5.41731552,0.147883,0.38402,767.2459114,0.974836,-46.062364,1760.827686,320.9930601
6.167434,37.28783652,0.043722,-33.86856263,159.08526,23.55148832,-1.215490446,-0.524700637,0.066084,0.354904,1125.811228,0.837894,-47.850186,3712.934008,504.7019112
4.134084,44.19593367,0.11323,21.71560714,250.14812,6.290637755,1.199378401,6.613956633,0.189165,0.332222,664.1758274,1.271951,-45.004352,978.027682,222.3581312
6.399602,39.10115138,0.032118,-18.02574144,280.34567,4.084203315,-12.06192707,-0.996130387,0.294312,0.7111,893.28806,1.299593,-54.741354,2008.763311,623.4995175
3.465298,48.09725897,0.099912,14.26347594,229.77261,14.73106999,1.622167104,14.4655888,0.2115,0.385516,996.4200104,1.30773,-41.822841,1435.671356,558.0312067
6.921074,38.18380374,0.042354,-61.61947397,193.95873,12.82748198,12.39609079,-5.704092123,0.058775,0.409203,872.3851226,1.074364,-50.10337,3158.056173,495.4183836
2.896041,51.69930364,0.131625,17.9638583,72.56771,-32.31293522,-23.157417,3.481465587,0.242473,0.141007,259.2177359,0.490385,-38.707704,807.0230005,161.7653089
4.87838,43.13378352,0.066505,-16.50564207,251.34975,7.87401107,-11.14974785,-5.653581796,0.097678,0.26475,1001.510424,0.706608,-44.013073,1415.606699,346.269293
7.02311,39.28864244,0.044234,-84.41358153,141.37424,-5.064312377,0.588536346,-4.03848723,0.060325,0.5432,1249.127852,1.272042,-47.785345,1991.187463,481.8784022
5.890717,44.01272635,0.058336,-26.175131,213.60281,1.535142649,-9.51143377,-2.809001456,0.099605,0.378929,664.179568,0.843178,-45.561642,2136.005709,505.1999373
5.934704,41.3697771,0.071192,-35.5961074,316.18567,0.062443769,-14.92100405,-2.693892604,0.109131,0.345395,739.3509608,0.876644,-46.574348,1544.958375,520.9082876
6.958504,33.24636853,0.044494,-93.68948276,174.68036,-9.171142241,-8.802422414,-3.230806034,0.067474,0.786996,863.6355052,1.256595,-52.737342,2606.799883,354.8867021
5.960379,41.23694787,0.041223,-24.14469822,214.17751,-6.8298107,8.789925926,2.57300823,0.300264,0.624372,768.386214,1.282853,-48.952672,5371.928818,400.2105764
7.671855,27.50729459,0.042436,-48.45373747,164.33587,18.20126253,-15.08756313,-1.598322645,0.061699,0.610533,643.981751,1.189906,-56.127796,1962.028627,273.2907564
8.228994,29.56507906,0.055748,-119.2719808,159.79057,38.92655556,-12.78930342,1.161252137,0.077117,0.602825,1100.022985,1.009477,-54.448555,1293.288755,492.1266071
8.269107,31.93398698,0.040184,-66.81811198,272.29995,45.13738411,-8.890729167,-6.696290365,0.052235,0.551129,928.6682157,1.004811,-54.69204,2469.550484,565.4067951
5.551608,43.05128252,0.085962,1.567132039,301.34812,10.94970194,-18.8051534,-2.361966019,0.119217,0.349412,576.8034458,1.035115,-45.991483,1172.915013,402.8817362
3.324138,40.59398539,0.097238,57.29079436,219.74159,9.755270355,-4.503639875,4.374758873,0.16587,0.332958,686.7783863,0.942904,-45.188863,1486.985176,351.0833013
5.026518,41.18965857,0.070665,23.80913857,241.76281,16.05431286,-20.86672,7.238214286,0.105399,0.391653,633.3537434,1.034138,-48.44917,1818.610155,291.0748462
4.093147,47.94745197,0.069567,30.23050157,336.50893,-37.12284567,-15.05532047,3.528855906,0.075068,0.414726,387.8399727,1.078985,-44.595373,1361.850468,299.6125578
4.139894,46.68122764,0.086434,9.729838415,212.53179,5.569663618,6.069748984,-2.136408537,0.183842,0.366212,832.808832,1.27173,-43.035864,1469.238029,333.5331115
2.390396,45.78352163,0.1198,43.69266972,176.69179,-26.63711927,-16.08196199,2.657619921,0.220095,0.216068,454.034659,0.682355,-43.079334,445.1373783,203.6747851
6.48769,39.38128571,0.040828,-47.26252653,295.65342,-1.369063946,-9.574755102,-4.24312517,0.152729,0.417776,848.0967663,0.865536,-49.378298,1834.365899,284.4808063
5.916305,39.08119679,0.049551,-9.554065598,205.71383,9.499934402,20.93935423,-6.173846939,0.067263,0.432713,1007.159684,0.983652,-49.24094,3559.225793,555.8280898
5.361888,41.47316797,0.044454,-20.86889138,224.93995,23.18517469,-3.543853303,4.893620381,0.330624,0.654523,866.2096329,1.497569,-49.880907,3582.829529,476.5764575
4.912567,35.32096307,0.046444,-8.59806108,244.21832,-4.40434233,-4.9741875,-0.714241477,0.312274,0.957601,1303.955011,1.323437,-54.465808,2027.58336,319.3455642
4.874627,39.88062306,0.025295,-7.065894678,242.52036,-32.01040687,21.13650222,13.75227716,0.639418,0.55791,1728.128078,1.286736,-50.584202,7834.9463,622.969026
8.824007,33.42627018,0.036105,-111.0987232,291.68281,11.09871664,-13.25564909,-1.20530313,0.052809,0.555381,806.4733418,0.808919,-55.358618,2165.919801,525.308854
2.934992,47.66942116,0.109736,22.75667141,280.5024,-28.24974161,-20.09798881,-2.342918616,0.179315,0.119832,331.6740497,0.566118,-40.070713,1245.721378,184.2513069
5.220396,41.64167089,0.038633,-13.98078797,221.93587,-36.02423892,6.018053797,-3.790681962,0.194675,0.737541,896.2208282,1.011076,-49.277173,1841.409308,249.6151764
4.568414,40.71126344,0.089297,-21.02015595,343.45751,-13.88170179,-12.05042255,-2.827375132,0.145755,0.336849,568.9948751,0.869413,-43.226749,1456.451673,455.5455169
5.539059,36.30743624,0.107427,-30.40125503,237.47873,-1.267939597,-9.944464765,-4.080651007,0.167807,1.001646,704.8473316,1.406212,-50.433854,1952.04381,309.9109638
7.774018,37.37679124,0.023657,-69.01591095,302.13179,-1.302979562,-8.253026277,-5.299145985,0.091336,0.569077,770.0497618,0.869376,-52.169964,1400.419404,466.3912074
1.822954,54.9396713,0.154771,80.14968056,89.57342,-18.88878241,-32.04545833,7.722125,0.291389,0.131661,188.1640257,0.668624,-37.734003,1425.959168,92.32962927
5.031981,38.88912821,0.050924,-30.68249883,162.55955,-18.28607692,10.95784615,-5.674731935,0.079098,0.425594,443.9833249,0.94274,-47.791138,1239.720249,165.5073751
4.202632,47.12052677,0.068042,-4.275823834,182.04689,-2.288027634,-19.88467876,-3.334578584,0.130589,0.368458,490.1788372,0.856756,-41.596076,1431.003933,164.7267413
5.332863,38.2191879,0.029212,1.14799187,339.9571,-32.56182927,-4.437379404,-1.517971093,0.310513,0.469528,766.1351649,1.035752,-50.917781,2847.44298,393.256026
3.459661,44.59705361,0.167312,63.00257226,199.99302,51.54270862,-12.67894988,6.907832168,0.372928,0.56205,1384.762534,1.391837,-45.4973,1196.969863,429.1227656
2.328755,47.16291903,0.040717,23.23328054,222.79791,-23.49358523,-15.78745384,15.04207386,0.530304,0.513692,762.6908773,1.484681,-45.679592,2104.537317,278.7451237
1.595217,55.41709282,0.15626,76.48493695,222.69342,-18.69145184,-28.89984764,7.473775832,0.298327,0.199838,228.2001065,0.666906,-38.07254,793.7642947,84.70634385
5.52174,39.28283333,0.089794,-31.54127885,157.1522,24.52823077,4.886573718,-2.154836538,0.143709,0.444695,582.7244642,1.234119,-47.259123,1375.292441,313.3582735
4.28606,41.47649154,0.107777,-0.554399436,233.82159,18.1778891,-1.440856203,24.36750846,0.219987,0.655434,675.8841212,1.450328,-46.154902,3613.753312,186.4131202
5.70522,40.39467773,0.044523,-20.72808984,259.00363,12.98851074,-15.40105469,-1.074478516,0.207482,0.501131,810.8947979,1.17984,-49.206833,1622.61731,380.146217
2.938683,41.34687188,0.144749,39.7252517,252.42077,-25.31331519,-0.072709751,-0.298689342,0.257056,0.456303,506.7843747,1.234056,-46.335104,1072.690512,206.3566521
5.278388,37.09862081,0.05422,-22.07490604,190.30159,-6.868756711,5.882865772,-6.117291946,0.077674,0.556792,460.8123786,1.049732,-48.331701,1826.795002,213.1383287
5.585083,41.38421027,0.082198,-4.13359593,329.87383,20.83855523,-21.58330523,-0.355329457,0.130809,0.476263,618.8631834,1.180972,-48.494715,1629.594527,380.1606879
1.820014,55.09940968,0.154949,72.0636797,219.76771,-17.26198883,-23.49453445,9.352683426,0.295718,0.148056,190.4481708,0.5615,-36.897699,557.483503,100.1118328
2.521136,45.4298961,0.144438,33.11812987,222.30159,-25.84141126,-9.828132035,9.216100649,0.249783,0.344314,397.9769383,0.900184,-43.047124,881.3626808,230.3269146
5.634994,42.64144635,0.077084,-12.13245386,244.87138,39.4692103,-13.99508476,3.781650215,0.269599,0.651478,832.0695283,1.400249,-48.436133,2458.652529,408.6390064
4.803531,39.55255517,0.050076,-1.403517241,194.84689,8.754589655,-16.49273103,-1.421194828,0.094213,0.264458,699.7441441,0.696674,-47.840142,1743.415314,455.6431979
2.141976,45.77289698,0.146901,40.85982622,281.52118,-42.39909365,-12.60337461,1.928490114,0.243851,0.718513,278.8811171,0.770288,-43.945187,487.0859837,225.7442392
2.865047,43.52450596,0.147626,72.18195656,240.1171,6.736103918,-16.13324702,4.302408007,0.261598,0.248386,591.759886,1.136553,-45.262862,889.5445925,398.9530488
5.800448,44.45042062,0.031433,-11.09599729,302.86322,-22.55433786,-4.231274084,-2.519837178,0.12852,0.354232,559.795905,0.820582,-47.84254,1248.510999,381.3246873
5.706803,35.56902542,0.105741,-40.58338771,112.09098,-11.29861229,23.60101271,15.26145127,0.159152,1.352592,1654.256163,3.31074,-51.990937,5761.761988,410.2616522
5.015298,43.25770259,0.061737,-3.647017241,203.49342,11.83052299,-11.52718534,-0.733783046,0.092201,0.262526,735.3783307,0.809556,-44.620095,1186.003556,361.5535873
6.118761,35.04624432,0.038746,-58.02316477,175.43791,-10.94985606,1.117797348,-4.004979167,0.070081,0.513277,502.2520017,1.029824,-49.034994,2120.365215,193.0035352
4.032457,49.11350071,0.055534,0.070968616,208.61342,-25.39245649,11.41629672,-2.823054208,0.175105,0.376239,457.1280161,0.932593,-43.407782,1911.285866,317.8190267
2.474219,50.75944484,0.143206,28.10763701,79.98649,-40.12894306,-17.60425623,7.193594306,0.270008,0.130153,288.038666,0.516603,-38.583944,568.3483899,106.0515347
3.327793,48.57435753,0.111964,-17.82648118,120.97261,-56.38527688,-15.85857796,8.341510753,0.21128,0.19603,342.4090029,0.572394,-39.764429,696.5216061,89.59775062
6.955935,36.25457403,0.032284,-59.72604416,141.66159,30.74736364,-0.38694026,1.173036364,0.128638,0.771448,920.6718201,1.194388,-51.320456,4296.360395,397.4278427
5.842448,36.59804557,0.038974,-43.18205172,259.26485,-12.20794951,-2.977815271,1.379923645,0.159856,0.505267,739.8317906,0.978189,-49.232665,1474.388677,197.9540594
4.78396,41.51457437,0.087164,-48.64553314,133.01506,-60.00237555,15.67670839,1.566188513,0.157881,0.250483,287.7310937,0.822741,-45.24683,871.6871668,224.5712766
3.147927,47.80347049,0.141131,33.74360128,202.84036,-3.176014354,-15.38026635,-2.452082935,0.244366,0.269972,515.3500502,0.720831,-40.580551,1078.655756,222.357608
6.369668,39.41494141,0.042081,-42.35555664,181.31546,-4.161724609,-10.94268555,-9.612095703,0.093581,0.522247,903.852877,1.170757,-47.746875,2220.208904,367.0337537
5.628183,38.51778753,0.013881,-20.24731924,309.57669,-17.5785019,-6.805487805,7.902505691,0.837726,0.607805,1134.344993,1.817452,-50.620929,2115.844527,312.4159966
2.762838,44.53534872,0.111626,26.52311002,249.52118,-31.46464047,-7.310897839,9.231001965,0.208144,0.335901,364.8098474,0.713978,-43.803249,1338.821174,251.1275953
2.746186,48.22166497,0.112835,31.38529272,228.98893,-9.766762267,-11.40587056,13.49399154,0.37898,0.464878,647.3885619,1.171832,-41.388149,3364.486734,211.5368139
6.565369,34.0404715,0.070358,-34.04857772,125.1522,11.65984974,-6.097310881,-3.438494819,0.103698,0.595728,606.6729214,1.202184,-51.896779,1141.87412,225.2647171
5.177517,40.20001205,0.089728,-34.32212169,239.62077,1.609007229,10.44058916,-4.813619277,0.144267,0.454864,932.1981855,1.114611,-47.774601,1881.037946,492.9896909
5.181831,45.2564203,0.041589,-5.120894924,302.41914,-23.22216207,-0.165561888,-0.863516474,0.283193,0.523334,572.6853666,1.186398,-46.547145,2293.839055,275.3699333
6.023581,42.13648058,0.053665,-57.38549757,105.29914,-12.1478301,-25.21151699,11.86273786,0.078842,0.331968,391.0636506,0.975542,-47.748922,1585.208203,240.8784335
3.870631,42.70892752,0.065826,34.34665725,211.04281,-24.15279115,0.526702703,5.071217445,0.136788,0.287907,772.197487,0.786721,-45.171066,1773.154903,343.3388425
6.617219,34.43255243,0.041672,-50.10116901,188.02893,11.20268545,1.284701095,-5.183363067,0.081542,0.493214,1230.120674,0.961786,-52.422196,3517.233697,612.4510935
5.784792,39.76130231,0.064023,-34.19758497,312.68526,-2.760432963,-7.936478224,-12.7810222,0.090087,0.523624,686.3006497,1.32819,-46.728105,1926.763218,531.3990139
3.291251,43.56602549,0.13507,24.06013529,115.19955,-39.58031176,12.7966098,-0.511770588,0.223997,0.250676,670.1898355,1.003595,-46.324355,1959.252635,341.9350732
2.848523,47.51295279,0.113669,15.65509013,118.20363,-50.39929399,-13.53213734,-2.539774678,0.209129,0.242764,370.2212824,0.645713,-41.340929,419.2646904,193.2508155
5.922541,37.00538406,0.036079,-25.90867101,285.59628,0.074185507,-4.991937681,-5.605789855,0.078425,0.442935,761.4888044,0.894292,-51.715825,1064.162348,328.560294
4.745096,41.60216504,0.07613,-13.91144336,210.28526,4.044801399,-10.86782797,-2.643490909,0.115971,0.512704,860.1200578,1.150151,-46.11466,2779.903866,243.5305444
4.382221,42.98124693,0.083339,21.04752961,229.8771,-13.73098883,-8.96536648,6.548955307,0.343388,0.630073,1127.27824,1.723882,-47.921611,2399.418744,699.7284473
4.325776,46.30924347,0.099802,-4.895712644,227.73506,11.50871578,1.9216186,8.645654127,0.223281,0.400646,954.1407931,1.292545,-43.581875,1881.529798,350.1110124
6.482171,38.68359674,0.049937,-47.9152413,310.9873,1.208132609,-18.25688478,-0.532223913,0.071168,0.402217,574.0007307,0.870723,-48.82609,1297.660798,324.5677284
5.816503,42.23738327,0.031671,-7.856063428,281.96526,-18.23241835,-0.399520918,3.736615385,0.402787,0.548346,910.9664751,0.99081,-48.258141,2122.338614,397.0221597
6.403687,31.37858357,0.053622,-59.54063314,232.64608,0.357172805,-4.248587819,-1.994508499,0.079386,0.603773,901.5912599,1.127237,-53.002948,1855.133883,346.6687904
3.968114,45.82539073,0.06246,33.34870033,204.87791,-1.816350993,-9.629153974,2.154859272,0.098971,0.433721,637.8483742,0.828996,-43.149498,637.6602681,193.4528973
3.82371,43.62841249,0.073694,-5.408909699,246.33424,-34.09098885,-5.551671126,-10.52796767,0.118455,0.266221,336.5653917,0.881404,-44.996693,867.2071826,301.1518483
2.09223,50.40494318,0.141255,39.04352841,51.33016,-61.178125,-17.80483523,4.835465909,0.256075,0.33655,233.4857082,0.860152,-39.435583,1245.901866,113.4907818
2.924273,45.26836104,0.137424,49.51834853,247.45751,14.87532261,-4.479524576,6.768869526,0.27874,0.335292,699.7022098,1.027305,-43.939497,1577.488256,195.5069084
5.678248,37.26541512,0.042061,-22.83643634,278.96118,-4.107350133,1.884202918,4.561064987,0.082333,0.415943,804.0937071,0.881919,-50.509609,2380.51946,377.4017547
3.511959,45.06049299,0.070054,55.38196306,215.09179,3.216072611,-7.35648535,0.97724586,0.135387,0.257107,701.5282519,0.820733,-44.449883,1326.70239,335.4659798
9.194464,33.52304324,0.043161,-118.7408378,178.28526,33.21397568,-12.95274865,-9.37047027,0.055017,0.526939,721.5696813,0.930008,-52.107102,1762.287203,344.0260203
4.585892,42.8289892,0.115059,-27.26249532,338.75546,-7.919321094,6.705329734,-5.520847372,0.143257,0.386882,813.321356,1.148144,-47.096826,2092.211577,408.3081519
5.411682,33.22110227,0.045776,-35.15819697,181.86404,8.402895833,-9.481984848,-4.694971591,0.065081,0.382845,333.1208613,0.861093,-49.597496,713.1279595,209.10185
3.99062,46.98382187,0.093695,22.24405278,215.06567,19.36579359,11.85124976,11.98885957,0.147558,0.277914,1087.610475,1.147034,-43.770734,2156.639034,325.7633339
2.684452,41.66791341,0.082726,57.53663582,335.75138,-13.62768761,-11.67027844,5.047321732,0.151515,0.307691,379.0409316,0.792165,-45.894456,952.7673111,219.0349655
5.837482,35.30389655,0.044545,-29.15262069,213.73342,-3.870228448,4.600976293,-1.447573276,0.091131,0.467583,1021.648319,0.870475,-47.424514,3117.898901,355.3858747
4.216533,45.25468298,0.11041,8.916959574,108.35546,9.50737234,3.426523404,4.984604255,0.203014,0.364733,751.2744033,1.219888,-44.018143,1656.626634,323.6903255
4.464164,46.66916227,0.087526,17.07712317,248.81587,-11.25711241,-9.974875855,3.087911046,0.196016,0.680927,582.4748654,1.884834,-45.49915,3707.573878,221.9371834
4.834921,41.47688689,0.063169,5.207019027,333.21751,-12.07334989,-7.961567653,2.435367865,0.098755,0.342233,1013.116922,0.841196,-46.974669,1777.387823,489.0072869
3.97592,37.64855156,0.067162,-5.690242206,250.53995,9.469109113,-2.948670264,8.520973621,0.108264,0.257245,533.6302381,0.76333,-46.957963,1950.315589,224.8901827
2.152687,49.41478669,0.115467,19.53092616,310.22975,-20.08128441,-16.58491887,5.431049225,0.195842,0.148776,393.8851071,0.632849,-40.995608,1092.453125,270.7877169
5.49706,42.41973266,0.043483,8.660687919,252.96934,7.841939597,-3.784024609,2.933073826,0.100784,0.338801,985.2928485,0.848297,-49.160175,1070.556295,368.9915082
2.179949,51.10800455,0.146296,42.27091818,56.63302,-44.13914545,-23.74092727,5.987622727,0.270166,0.198137,244.5308377,0.614526,-39.282903,1398.464602,97.47628289
4.562502,29.91588946,0.107778,7.393219366,247.84934,31.95680548,-1.937613539,11.66371037,0.204337,0.289651,873.3302068,1.251542,-54.160581,1710.988707,326.6223277
3.91165,41.43849441,0.129816,41.1562528,232.48934,7.310482103,5.377353468,1.253497763,0.244181,0.442809,940.1419631,1.26228,-45.541732,2349.781354,288.1052959
5.650525,37.90720519,0.045353,-40.86333506,217.0771,-3.562625974,-9.437122078,-2.234007792,0.096697,0.44292,1247.85644,0.93215,-48.040919,1120.04973,454.3938712
2.95619,47.95340828,0.135456,34.44094928,253.3873,22.26952156,-6.661555368,6.781359256,0.254364,0.364874,812.3514934,1.237126,-43.265413,1237.041368,301.1550327
2.671863,50.88601786,0.127588,20.28500446,88.63302,-52.38144196,-16.83322768,4.298790179,0.230247,0.167345,205.7778334,0.589785,-40.5408,1522.985331,66.14784469
5.410243,42.1785625,0.082573,-0.787602679,163.39546,43.08118973,-5.415194196,1.446575893,0.126122,0.557755,1082.631521,1.125673,-46.734527,2162.943598,458.2098068
3.893626,43.55784833,0.09178,-0.973442159,216.94649,4.790143959,6.294298201,7.50159383,0.327745,0.565291,1250.711233,1.645226,-51.21261,4350.117553,637.1550758
1.858159,44.86734321,0.103098,47.65416854,301.24363,-32.07272932,-20.57608784,5.828225741,0.190588,0.168124,511.5135791,0.634419,-43.266477,390.7623652,294.0011933
6.815201,34.95606944,0.043606,-62.72480556,178.23302,9.188388889,-0.681932292,-6.310461806,0.062785,0.42357,1103.236757,0.952589,-51.297203,3584.098431,643.4776342
2.766973,49.48598942,0.138755,15.11953968,155.01016,-44.5502619,-19.02392328,4.23992328,0.255153,0.22293,368.6517765,0.596658,-39.345396,810.0824949,513.0462347
1.872087,50.81026974,0.159688,36.58156908,105.79546,-53.66335526,-18.67929934,4.345292763,0.27742,0.144938,530.9639011,0.680754,-38.760139,1251.211721,113.3806942
4.438836,45.62772792,0.109041,3.443091371,220.36853,25.45721523,6.786814213,8.303241624,0.178475,0.366643,686.5713724,1.221158,-44.849072,1741.863531,344.2089622
0.0,44.29544571,0.001953,-4.057081578,1153.77587,-30.424443,-14.64883468,0.724128579,1.0,0.0,275.2741676,0.0,0.0,557.2427554,165.1908653
5.602815,38.89926316,0.044285,-26.90240632,141.63546,-13.28060632,1.158128421,-7.838437895,0.122152,0.482338,569.2163778,1.061112,-47.236119,1147.082614,241.2099017
5.024838,47.68425603,0.053318,-14.47620037,164.54485,8.069393321,-10.72618182,0.379736549,0.083727,0.350095,417.0947524,0.879791,-43.594419,1856.390614,246.2330523
4.463724,39.45884489,0.095131,7.512720803,171.4673,33.01023358,-1.429600365,7.129363139,0.146826,0.689284,1265.206832,1.353829,-48.733854,2364.867606,440.6709931
4.442143,45.52587135,0.074974,6.363068713,167.36608,-19.2491769,0.71722076,17.46223977,0.183709,0.620016,878.1072521,1.458388,-46.081881,3156.495131,558.4154624
4.924553,46.81052381,0.047415,7.182620879,195.73506,-13.29405678,-5.911804029,-6.984437729,0.102855,0.619641,539.4393948,1.221524,-46.108248,1597.146783,178.5437613
7.355528,34.87345333,0.036654,-73.444868,263.49669,-1.809014667,-2.322805333,-5.477218667,0.051769,0.579424,534.1414921,1.165514,-51.874403,1685.784488,204.7329521
6.698387,35.94365672,0.039412,-69.87758706,213.26322,-4.29034204,6.211593284,-1.437782338,0.090375,0.537218,875.7670566,1.004261,-48.02818,2373.775418,417.4974316
6.488105,30.84119157,0.048296,-45.74052299,224.20853,36.02856897,5.6431341,-0.191199234,0.056347,0.569601,907.5444687,0.885987,-53.24658,3281.063471,833.6336454
5.452041,39.94542883,0.044367,-26.70061712,320.96608,-6.928452252,-4.530051351,-7.18043964,0.077617,0.3964,451.9511978,0.957516,-45.520102,1506.559511,275.5231864
4.260248,49.76854952,0.064412,12.96211342,193.30567,-14.96361821,-26.14838658,-2.698322684,0.091501,0.25972,317.4925788,0.74989,-40.946567,949.6000202,167.0520238
4.990177,41.04847872,0.048568,6.522013678,204.22485,2.500445289,-1.988144377,-1.319424012,0.107158,0.554046,765.0223839,1.042893,-48.918175,1558.399371,351.450453
3.200325,42.2059816,0.103787,54.15014622,319.68608,-1.923915133,-16.77426278,2.668575665,0.147925,0.317353,1244.496358,0.851081,-47.108951,1672.354067,561.9444713
5.013236,44.33028121,0.074464,-5.410447633,140.19873,8.654390244,-1.257170732,5.409083214,0.163862,0.371214,913.5133933,1.421217,-47.110418,2102.137789,344.5412832
5.6551,45.00794049,0.040766,-23.88037513,311.09179,-26.74472901,-2.332321998,-0.180631243,0.375439,0.528827,904.6382158,1.054336,-47.979245,1979.511848,344.4184666
5.782635,38.24654135,0.041641,-47.46966541,162.76853,2.792073308,5.791197368,-2.425704887,0.075624,0.559969,703.8098322,1.153375,-47.208853,1888.953648,291.053849
5.18474,43.54434334,0.040243,23.98448544,297.27302,0.123110327,-4.235896734,3.544806708,0.307512,0.720792,1380.403252,1.389097,-48.5207,3702.642418,604.0951716
3.941686,45.88389052,0.119191,37.84311482,223.65995,29.24066622,-6.582208278,1.808165554,0.204321,0.313949,554.7842447,1.130722,-45.29991,1504.584577,277.7452858
6.544516,37.20049952,0.100787,-44.39838402,245.91628,-4.394677575,8.785776708,9.363836381,0.161043,1.119785,1190.994473,3.256232,-51.299014,2890.771327,377.0362274
8.431509,31.54980698,0.016025,-104.0507395,187.92444,2.957688372,-6.92537907,1.503397674,0.29083,0.587382,1021.540722,1.145665,-56.715571,3511.150905,359.2338751
6.552609,43.56500915,0.037288,-28.96392988,226.45506,13.90738567,-11.12103201,-11.40769207,0.089847,0.486186,389.364356,1.025313,-47.236437,1510.554086,218.9768295
7.028727,36.3630624,0.029779,-88.26829304,306.15465,8.625090808,-2.19816546,5.011653482,0.346686,0.563016,808.1045593,2.259647,-50.57563,3159.760145,172.5796055
4.421206,37.84706207,0.105626,-30.87741034,179.43465,-44.45090862,0.202055172,-0.979884483,0.183148,0.431838,530.128921,0.931845,-47.901416,1711.147449,422.1552134
2.566595,44.58556832,0.150739,70.07410248,245.86404,9.718139752,-4.336008282,10.47756729,0.277659,0.521942,732.0747638,1.237535,-45.128219,1636.54129,198.7364839
3.199557,47.57879035,0.130669,43.10766968,213.05424,-2.782603318,-1.014870287,0.516650075,0.231569,0.341191,587.583211,0.770138,-41.551756,905.6516244,397.465938
6.848294,41.48726812,0.046891,-35.74335652,273.00526,21.12612464,-7.305482609,-6.191698551,0.066862,0.487169,869.8620623,0.92007,-49.458563,2133.842668,700.2095044
5.512225,40.25251325,0.049089,-39.4444728,201.22077,-10.11530823,0.697711297,-3.955089261,0.073852,0.741771,615.8947895,1.117344,-46.717396,999.9042895,277.9268708
7.376359,39.15093388,0.05591,-143.754376,140.38159,-66.02823347,9.42793595,-10.13925413,0.0772,0.376854,394.8958833,1.066079,-47.102588,958.4879967,175.2787754
6.72037,32.19380353,0.050599,-60.53960811,241.37098,11.10874948,4.324196466,5.275235967,0.109766,0.534946,539.115073,1.480617,-53.236156,3389.343636,279.7106821
7.962631,34.25763964,0.036629,-138.3652297,198.84363,-38.07097297,1.969948198,3.923475225,0.054265,1.003891,577.2134134,1.249924,-52.079525,1810.758663,398.3577195
5.569058,36.67672549,0.055064,-30.93706863,153.10322,25.31121324,-10.89658333,-3.92,0.121253,0.625318,989.1661418,0.966829,-49.652376,1789.998914,489.3006528
3.587874,48.03398362,0.099047,13.82654555,263.3922,-20.41605015,-14.51603685,-3.467535312,0.16874,0.209677,495.3158372,0.654299,-41.988755,489.1799791,215.201138
5.880515,41.60232683,0.050094,-5.049189024,283.34975,9.849734146,-21.26651585,-0.374102439,0.092378,0.46392,660.4909078,0.905041,-47.394277,1297.360262,531.8840773
0.528571,32.1265,0.027403,61.63225,5.85098,66.00566667,36.47758333,11.64458333,0.871942,0.469304,3058.21295,0.219484,-10.25919,17688.73057,294.1600914
3.807777,48.05354976,0.121837,40.85984829,231.83628,10.86886949,-22.30811909,2.124353997,0.193244,0.408543,380.0949503,0.888262,-42.49484,620.4021566,168.0889149
4.867324,42.60730602,0.090755,-14.1854398,142.34077,13.81110201,-5.955688963,1.344225753,0.128867,0.368783,497.8207454,0.993667,-45.464382,925.7390183,228.7558828
2.943771,47.65285541,0.133862,40.24607494,274.15465,15.42612491,3.740789553,9.187519304,0.236991,0.310341,839.193463,1.122319,-43.079438,1696.121807,311.0022352
2.671764,39.56547024,0.141255,-6.326118049,271.82975,-6.199803902,-6.740996098,3.763893659,0.268187,0.303308,874.0800068,0.641717,-41.681907,1191.105985,368.3734761
5.179746,39.53451858,0.046842,-7.18270743,189.85751,-7.823741486,-6.717020124,-2.900739938,0.075951,0.456309,496.6826667,0.963734,-46.68629,747.6870445,229.895251
4.859782,43.70215129,0.050958,0.584400369,158.04036,33.43582657,-8.919219557,-3.075828413,0.082694,0.46221,674.8232466,1.005032,-46.585477,1267.275318,325.2127131
3.343698,48.52314496,0.105958,32.12335042,472.34358,-1.979969328,-19.92627101,2.513286134,0.259671,0.557337,546.0543541,1.400013,-42.454224,2969.599045,180.450413
3.588319,41.99336264,0.126682,50.0804869,232.4371,27.5787126,0.739324598,16.343235,0.221508,0.405347,536.4718403,1.401792,-48.714368,1154.94453,188.3536277
3.268498,39.49989646,0.106443,16.42900187,310.62159,-27.6125653,-11.00698041,4.843633396,0.188023,0.356323,301.5801193,0.854761,-45.571724,1129.720809,160.9843339
5.346885,41.76274817,0.077679,-26.30540342,140.22485,35.62419071,-1.302325183,-4.53308802,0.111096,0.607581,606.6408235,1.066381,-46.381559,2539.479278,455.6355884
5.021991,44.4169938,0.08569,1.945621705,256.522,-9.554110078,-9.104593798,-1.648547287,0.128514,0.568324,684.389835,0.948508,-48.275535,986.9375839,319.9185961
5.478321,42.08512798,0.035625,4.426131509,362.68363,-19.94411386,-7.665574581,-0.544502207,0.111888,0.375345,328.9047336,0.758478,-48.848219,1266.039364,262.0063998
2.931968,45.49512934,0.129155,13.54015808,237.89669,-38.40032335,-13.90644311,0.942766467,0.2278,0.220485,262.6002036,0.697977,-42.287217,340.8194818,274.2328988
4.223024,47.69020074,0.107008,8.419351301,181.55057,4.782150558,-17.44251301,-1.409899628,0.163142,0.283776,421.0858411,0.81195,-41.251602,1376.509221,182.1079551
4.774168,41.44060176,0.056503,-5.090489549,213.78567,5.605837184,-1.213652365,1.745678768,0.088852,0.457603,577.7352423,1.137272,-46.006824,928.7015383,243.6120899
2.901899,46.92756342,0.170201,58.96063569,204.95628,17.74665634,-15.57334366,0.909728614,0.310572,0.322212,613.0851217,0.864925,-42.057425,1027.282789,218.3709775
6.886854,39.55328701,0.049746,-81.34694864,109.92281,-28.36194864,21.13871601,-1.064045317,0.068269,0.656299,554.502459,1.410082,-47.5349,1784.834804,232.7459028
4.077943,46.33729849,0.071872,24.63781234,209.13587,4.469314861,-5.071011335,-0.283829975,0.140749,0.429794,505.7822044,0.970717,-44.162205,1589.574369,262.8473489
6.348894,38.47316963,0.049582,-41.37840332,341.68118,22.25172361,-34.36664887,5.527371293,0.07919,0.307515,586.9957489,0.776721,-47.662324,641.4152178,300.6718408
3.512184,47.18731394,0.087234,-18.93117917,170.73587,-48.13171822,-17.1784732,4.604313936,0.171246,0.195567,467.029851,0.653149,-41.748415,561.700904,127.0230709
4.988826,46.6492685,0.094237,-15.1858444,213.99465,33.46088046,1.400677419,9.895140417,0.181424,0.409641,995.1562206,1.262398,-43.269917,2620.030477,420.3167372
6.836761,37.06917596,0.037172,-83.07359582,205.13914,-6.305552265,-4.845367596,-6.199761324,0.097871,0.573416,507.1713995,0.90983,-49.661592,1366.913459,234.8063231
3.405598,47.26641651,0.087951,29.90766795,108.22485,17.01288484,4.86959309,14.80359117,0.221896,0.57033,822.4736845,1.448799,-43.81189,1637.043731,507.4780542
3.650112,46.28291595,0.110113,17.208383,232.48934,-15.53575836,6.104900669,-2.12900191,0.210831,0.390275,1172.23289,1.24883,-43.75215,1958.117968,432.6439545
4.313685,45.93164031,0.042975,-6.149609302,249.18159,-9.84158062,-14.63428992,5.947913953,0.255602,0.498927,1012.095296,1.150229,-43.095696,2018.329969,411.6689618
5.334985,42.90228584,0.064785,-2.06626049,308.94975,-11.51494231,-8.78022028,0.100792832,0.117534,0.578542,694.4969801,1.337694,-50.214378,3201.005133,389.2895947
5.638885,41.68041787,0.068426,-24.71232063,286.04036,3.422680683,-19.88948752,0.295161629,0.102046,0.415619,568.7874237,0.837375,-45.915928,1131.114352,522.5399116
4.491566,45.88645754,0.073588,12.50749959,318.06649,0.440517725,-14.8733446,3.115242374,0.154025,0.260288,574.7018614,0.755405,-42.919009,1122.562589,413.6233275
8.343899,29.67430072,0.023542,-102.7291074,187.8722,11.08070167,-9.276097852,-4.861147971,0.124684,0.622124,1108.454577,1.088093,-56.531001,1794.05978,450.3841476
5.119539,44.16828792,0.048966,-12.09569803,239.64689,-14.94216433,9.086071629,-0.639386236,0.102947,0.432896,675.2032115,0.901631,-45.917695,2815.335755,390.1059614
4.36481,47.83070781,0.058632,-1.349157813,367.98649,-16.77224922,-15.81676172,4.708842969,0.12929,0.31857,740.9336559,0.892563,-42.710341,969.0615964,293.5146177
3.822614,47.55471625,0.078895,25.82675482,223.13751,-3.983367769,-5.282557851,5.204647383,0.119314,0.25062,902.0165408,0.704196,-41.865601,1546.250006,450.6763259
4.846333,37.61555615,0.056611,5.993962567,162.82077,7.869545455,-13.09104635,4.847836007,0.087023,0.243043,308.8507473,0.701054,-47.821063,660.3301015,160.8001084
5.23359,32.52804598,0.051177,-43.66875479,201.11628,8.983454023,8.050511494,8.324128352,0.126947,0.535358,1211.032669,1.243891,-53.694721,4140.802348,314.8653993
9.823259,34.64978472,0.044771,-191.0719167,122.04363,33.22455324,7.782726852,3.427310185,0.068717,0.582231,1072.229601,1.2933,-51.257462,3872.847122,469.5600795
2.454655,47.53640571,0.133114,31.15485525,330.63138,-27.20352294,-19.10453313,3.57767788,0.24093,0.17386,583.5663689,0.63551,-40.474353,725.7316579,361.6051966
3.22297,43.22536837,0.140073,58.49434184,256.73098,12.77581939,11.03586633,10.33507653,0.250613,0.687976,967.9640407,1.697428,-46.128643,3596.436288,307.9990406
7.288455,33.64370013,0.059,-63.01960728,209.97179,52.99005897,-28.543,9.058166876,0.137944,0.596783,743.1900434,1.314726,-54.239121,2704.975574,534.0239327
5.383274,32.7729304,0.043,-42.40068376,302.62812,-0.542595849,-5.36932967,5.950789988,0.059805,0.6048,1355.403755,0.986683,-54.464398,2642.609887,539.5585296
5.573408,41.72560587,0.098366,-19.70274189,229.74649,32.42523338,2.579327666,0.350097372,0.16192,0.581162,749.662198,1.276453,-45.690131,2229.286953,321.5197868
6.290248,36.13436807,0.093287,-45.81738487,157.83138,5.683815126,9.936383193,9.914053782,0.146253,1.236563,1112.569994,2.854483,-51.916539,3768.653178,324.5108382
7.694756,40.63317456,0.04091,-69.5632793,259.60444,6.480637157,-13.10473815,-7.04384414,0.072917,0.389054,1008.364862,0.849071,-50.812258,970.4484431,460.2320537
5.458544,39.54338106,0.055326,-15.55606797,283.79383,17.48797397,-14.85212148,5.39574765,0.226804,0.386173,788.1808745,1.219012,-49.717473,1955.136316,311.5041975
4.894942,41.84002902,0.049415,-22.01312005,220.31628,-13.12764512,-4.610077836,-1.677522427,0.135832,0.373965,852.633353,0.873697,-46.594773,1573.983765,364.7831412
5.257814,40.94674727,0.085877,-10.44013578,256.91383,9.949957384,-12.46099604,-2.051210109,0.135139,0.517369,1025.652593,1.281551,-48.195557,1826.692802,465.9551354
2.505175,51.41228378,0.134687,20.70663514,61.25669,-65.5335991,-14.03961712,-0.19495045,0.245746,0.296361,133.9966292,0.559035,-38.827855,1157.367701,92.33700463
10.594826,35.45974615,0.049669,-196.0410205,119.24853,43.14394615,-3.46175641,-7.890105128,0.07275,0.492668,804.0458527,0.927812,-49.856706,3043.803899,315.6207528
4.077042,45.17180353,0.105756,12.9107131,242.23302,-1.368461538,-1.167234927,-0.221784823,0.185223,0.431681,1094.295239,1.1685,-44.000053,1819.791972,358.1871787
4.761477,42.24262129,0.119122,38.14749381,226.32444,55.76210767,2.252355198,-1.396830446,0.286401,0.611884,1098.366081,1.254736,-47.224886,3868.482776,633.0217387
4.843502,38.22991975,0.068896,-14.67639732,395.85914,-1.04870417,-25.27131629,8.855617624,0.100355,0.379329,335.0352148,0.832725,-49.380483,1211.260447,257.0392015
0.860339,54.18116608,0.15106,86.05792933,256.86159,-51.69929564,-25.24606478,7.32486808,0.301876,0.188263,236.2041489,0.630741,-39.569515,500.0081573,214.332109
3.927682,42.11077589,0.053978,1.72660452,669.28281,-27.66884256,-9.243833898,9.981389077,0.188196,0.348378,752.0017543,0.911671,-46.207851,1349.162476,363.3700447
6.048922,39.37093466,0.063862,-34.84975681,218.3571,5.067235935,-11.05658258,-0.432341198,0.094524,0.425814,1029.865573,0.907072,-49.448947,1789.932027,522.6738957
3.14206,46.37938868,0.081949,12.18651509,173.66159,-54.65291132,-14.60272642,-5.785211321,0.115335,0.382492,314.9571899,1.108125,-43.666558,1231.548286,383.8414107
4.731741,42.53715324,0.056526,-15.25664139,187.97669,-11.17012164,1.860575039,-4.010184834,0.092749,0.292714,277.0555798,0.83667,-44.940963,1002.993471,186.5248089
4.533874,43.6026192,0.060564,18.7680984,330.23955,-10.5506944,3.5372112,-7.0137776,0.198926,0.510864,723.4181835,1.280327,-48.522814,1541.554909,289.0989079
4.428145,46.73851134,0.057527,8.610528338,404.74077,-11.93125,-13.20760516,7.980966625,0.173133,0.336211,795.2731819,1.048558,-43.581054,1073.270927,274.8212519
4.426609,46.32869441,0.073748,4.769263971,218.95791,16.00293103,-8.614839477,-3.968909631,0.11217,0.30748,644.7854814,0.8925,-43.166447,1040.590197,319.5510333
7.187425,36.0238042,0.022377,-65.11082692,185.86077,-23.00167832,-7.716659091,-11.33929196,0.221359,0.683933,912.8391807,1.210695,-51.200015,1342.651033,389.5115897
2.657553,40.55528468,0.164692,52.31403748,362.91873,-6.571418146,-12.00827876,10.4650217,0.298709,0.312853,774.6507852,0.96944,-46.063846,847.0653426,271.1067976
7.000628,32.65303292,0.045541,-81.90474074,174.49751,-20.23203704,2.914876543,5.041329218,0.062423,0.675442,723.6098139,1.345637,-50.791382,1865.05451,247.4538672
5.547082,41.74076655,0.037781,-21.35790012,214.30812,-6.470918171,-4.945518652,-3.513902527,0.097408,0.30105,809.1260546,0.926616,-46.645395,1364.402498,423.1464273
